printed_text	handwritten_text	blank	cover	illustration	chart	filename
0.032337908	0.9665081	8.81198e-05	0.00024260452	0.00040050407	0.0004227512	54840654
0.01933061	0.9781125	5.9846603e-05	0.0004898105	0.0014907216	0.0005164665	54840681
0.09049824	0.06406793	0.0015210784	0.42174324	0.4162165	0.005953054	54840946
0.68391234	0.2145325	0.00058866944	0.0016040961	0.09044425	0.008918155	54841254
0.5442585	0.26704028	0.0008163546	0.0027419622	0.06404592	0.121097006	54841112
0.3597409	0.6343948	0.00028958873	0.0005408321	0.0033707395	0.001663191	54842091
0.4142087	0.090546906	0.09455285	0.30395564	0.09357578	0.0031600625	54842215
0.2117413	0.7828987	0.00025157625	0.0005823941	0.0032796287	0.0012463866	54842047
0.043130584	0.04153861	0.0803039	0.6247818	0.20625922	0.0039859284	54841407
0.7243521	0.2590824	0.00025518404	0.00056546525	0.013011259	0.00273362	54842062
0.5100165	0.46019068	0.0012214916	0.0016880279	0.020759465	0.006123812	54842025
0.24383274	0.7237331	0.00093392265	0.011649671	0.00928389	0.01056666	54841100
0.4893103	0.49514517	0.00062514807	0.0014317399	0.0087858895	0.004701788	54842170
0.03426285	0.040887997	0.83604765	0.03775865	0.047426477	0.0036163784	54842383
0.020273017	0.9741741	3.3606437e-05	0.0002786094	0.0033336612	0.001907079	54842247
0.03815592	0.22094339	0.35643414	0.21698056	0.152358	0.015127985	54842353
0.024351427	0.022212185	0.7489349	0.17744811	0.026077125	0.0009762331	54842380
0.035518147	0.88428444	0.0038967764	0.015430755	0.0064027635	0.054467104	54842450
0.0110290395	0.98630965	0.00019120237	0.0008705766	0.00057035475	0.0010291468	54842392
0.03588884	0.9048464	0.0023737266	0.022725869	0.008611695	0.025553524	54842394
0.10287304	0.8657019	0.0067783445	0.017041698	0.0046774256	0.002927689	54842371
0.21986777	0.059526864	0.017765531	0.57489365	0.038674187	0.08927199	54842451
0.019424543	0.97635216	0.0002171468	0.0017954481	0.0009869463	0.0012237146	54842265
0.08926645	0.5183681	0.00084515207	0.38385206	0.0065244827	0.0011437634	54842393
0.008447931	0.013709626	0.1729893	0.72706985	0.076835304	0.0009480214	54842526
0.07089106	0.88195276	0.010702908	0.020846523	0.010831198	0.0047755204	54842580
0.04969878	0.9204641	0.0016331057	0.018079946	0.009653457	0.00047063414	54842525
0.01441406	0.01735146	0.5880572	0.26737458	0.1110062	0.0017965183	54842670
0.014292798	0.1587816	0.0002443208	0.76099765	0.06320668	0.002476941	54842579
0.023111653	0.97280735	0.00023186071	0.001671296	0.000922006	0.0012557843	54842453
0.0039007396	0.006697036	0.0122552095	0.95847666	0.01841849	0.00025191015	54842671
0.051826447	0.81241554	0.09778219	0.015440288	0.009909227	0.012626272	54843168
0.06318405	0.78969646	0.04181384	0.042608302	0.05258353	0.010113875	54843094
0.017993014	0.008311966	0.022484086	0.900149	0.04874022	0.002321798	54843169
0.0151445735	0.11041405	0.00061714085	0.8501114	0.023394981	0.0003178199	54843093
0.0065049455	0.2102717	0.00067451445	0.002245529	0.004305021	0.77599835	54843263
0.028190035	0.47711033	0.00070121005	0.00187465	0.010159539	0.4819643	54843243
0.032824036	0.7833321	0.0011115872	0.003912847	0.010630988	0.16818854	54843317
0.058749925	0.5969665	0.0066090957	0.0052863336	0.026476221	0.30591193	54843819
0.022429986	0.47116035	0.0032236937	0.00087510445	0.003618259	0.49869254	54843811
0.040177263	0.86800724	0.0004033347	0.0031004907	0.013865096	0.074446484	54843226
0.05848914	0.77215725	0.00037120032	0.0002597042	0.003905888	0.16481683	54843768
0.050514054	0.03556474	0.37257826	0.31993523	0.21856757	0.0028401595	54844809
0.07740741	0.100553766	0.32859755	0.37946567	0.11066338	0.0033122497	54844812
0.0109352255	0.006568382	0.0024740149	0.85946167	0.11991049	0.00065028097	54844748
0.10150092	0.82827353	0.005232855	0.026464267	0.032346804	0.0061816485	54844750
0.0077246586	0.9881506	4.999047e-05	0.00017959972	0.0006290049	0.0032661317	54843305
0.036271892	0.8889123	0.004761831	0.010368332	0.01002609	0.049659565	54844815
0.04856712	0.39392355	0.02090795	0.5081179	0.021668505	0.006814943	54844814
0.20413673	0.0043049757	0.0004568884	0.19839154	0.5727559	0.019953981	54844873
0.054153647	0.06783275	0.78401417	0.032477427	0.05177312	0.0097488705	54845644
0.03741541	0.6203805	0.0021330034	0.012192268	0.31883875	0.009040068	54845564
0.0096754385	0.9823523	0.0007405463	0.0018508036	0.0017594828	0.0036213552	54845504
0.036804285	0.04207047	0.82206637	0.028911166	0.06425683	0.0058907694	54845606
0.013658314	0.98011464	0.00048200064	0.00142202	0.0012473991	0.0030756346	54845623
0.43557417	0.17853269	0.22499576	0.016214857	0.12998678	0.014695695	54845500
0.006512853	0.004062934	0.004612802	0.693928	0.29072362	0.00015983456	54845719
0.06367034	0.10388649	0.15452553	0.64872307	0.026936123	0.0022584614	54845785
0.010339623	0.9867842	7.582188e-05	0.0013152504	0.0006911373	0.0007938737	54845443
0.07059849	0.91113293	0.00022206134	0.010878523	0.0069695213	0.00019844115	54845720
0.11888719	0.8517209	0.00051223376	0.0006275194	0.0032024723	0.025049685	54846829
0.028098714	0.047406748	0.0063735805	0.0016117549	0.011934837	0.9045744	54846841
0.07808872	0.86600083	0.0057436284	0.00083528145	0.004463299	0.044868253	54846818
0.0010539795	0.00020926438	0.97454447	0.009259831	0.014905262	2.714913e-05	54846933
0.0030326142	0.0033951816	0.98918706	0.0016501094	0.002307848	0.00042716882	54846975
0.04199302	0.89363205	0.00026648102	0.0003578993	0.0036680144	0.060082506	54846945
0.005453387	0.24173957	0.717935	0.031376865	0.0025130154	0.0009821195	54846951
0.03405878	0.23849544	0.0045430376	0.0045238757	0.032353524	0.6860253	54846973
0.41117302	0.5464286	0.0039849253	0.00240334	0.008912136	0.027097981	54847233
0.025627272	0.9662343	0.0013012282	0.0014570701	0.0012003377	0.004179677	54847269
0.018439455	0.0058259303	0.1572414	0.6612324	0.15361737	0.0036434035	54847316
0.005423704	0.0022524397	0.08520296	0.8861452	0.016915498	0.004060215	54847224
0.03379642	0.9233658	0.014571551	0.005708054	0.0059700436	0.016588122	54847254
0.005330835	0.004315733	0.21096261	0.7420221	0.0301854	0.0071833767	54847415
0.64868206	0.24457796	0.01107047	0.024660518	0.06560566	0.0054032975	54847385
0.031684745	0.015543741	0.20868544	0.5197765	0.21622466	0.008084932	54847416
0.07980791	0.911604	0.0009059967	0.0023755198	0.0030734534	0.0022331104	54847390
0.405491	0.05344002	0.0022710457	0.20151402	0.25555712	0.081726775	54847317
0.30852154	0.13110176	0.42549706	0.042998724	0.05904116	0.032839734	54847562
0.004510005	0.0039255717	0.12073573	0.8479882	0.01990644	0.0029341062	54847614
0.009502542	0.0043512443	0.1555827	0.7529305	0.07346585	0.0041671395	54847507
0.33896798	0.640209	0.00072534836	0.0025522476	0.008970265	0.00857519	54847555
0.010654277	0.004127168	0.16452274	0.771403	0.04701103	0.0022818053	54847615
0.05871624	0.28140527	0.0021086994	0.0012237082	0.016382469	0.64016366	54847864
0.12560314	0.035078745	0.7196926	0.07286885	0.025689527	0.021067198	54847524
0.05322385	0.31774092	0.0030883888	0.0015908431	0.03156598	0.59279	54847885
0.112374	0.7387376	0.0017950414	0.0025979034	0.010609017	0.13388646	54847838
0.09940441	0.07804842	0.28903913	0.2460799	0.27790686	0.009521282	54848526
0.006182089	0.078102775	0.85789305	0.033197954	0.010414508	0.014209608	54848619
0.14917505	0.62305	0.00539158	0.004196212	0.08847454	0.12971261	54848450
0.076496966	0.6015874	0.0049803434	0.003242459	0.017891752	0.2958011	54848454
0.13131571	0.83765876	0.0011595767	0.0007083201	0.0056999777	0.023457682	54848496
0.002440114	0.0012889266	0.1665628	0.8242615	0.0047235363	0.0007231685	54848625
0.014204077	0.18633881	0.34717518	0.12510364	0.32054973	0.0066285427	54848620
0.006056533	0.990831	0.000270212	0.0009037105	0.0011173584	0.0008211477	54848581
0.01559475	0.973243	0.00049336435	0.0019019125	0.001965923	0.006801092	54848560
0.013382311	0.9814387	0.00015074587	0.0006274158	0.0010812542	0.0033195198	54848561
0.6838114	0.19261721	0.04939757	0.0075374865	0.049738403	0.016897932	54848688
0.050841246	0.8661581	0.04930363	0.0034467354	0.0024784224	0.027771803	54848669
0.6309999	0.33653072	0.00024487133	0.001002519	0.015811848	0.015410166	54848704
0.2438677	0.03238055	0.00989648	0.42032686	0.17369433	0.11983406	54848651
0.009023363	0.003844109	0.1304881	0.8144524	0.040900372	0.0012916911	54848764
0.4393791	0.3727824	0.027677841	0.007165538	0.06297318	0.090022035	54849029
0.007388634	0.005324108	0.17371689	0.7535476	0.056368902	0.003653874	54848652
0.17554627	0.807616	0.0005087504	0.0019806114	0.008059026	0.006289413	54849040
0.004802105	0.0033801016	0.13775186	0.8249834	0.027222235	0.0018602861	54849073
0.021101046	0.9630546	0.0004891158	0.00038195105	0.0006356487	0.014337665	54849049
0.5955644	0.3212547	0.0005618424	0.0016135793	0.031625647	0.04937974	54847404
0.002468757	0.0018542052	0.19912934	0.7829512	0.010022897	0.0035736174	54850096
0.40743843	0.09563999	0.011667847	0.27263436	0.14323345	0.06938588	54850095
0.06996105	0.9090233	0.0057623703	0.004620085	0.0018406475	0.008792584	54850157
0.13278393	0.628378	0.002878101	0.00044033097	0.0037465987	0.23177308	54851010
0.0041435924	0.0033606945	0.21275082	0.75011235	0.0263408	0.003291754	54850194
0.37494898	0.38799503	0.07012573	0.006617709	0.035484277	0.1248282	54851133
0.048866615	0.9294082	0.010777222	0.003124069	0.0028941012	0.0049297973	54850111
0.14341095	0.79734135	0.0030659235	0.0018768192	0.0060609896	0.048243985	54851015
0.06368527	0.634375	0.0064178114	0.004330201	0.026043873	0.26514786	54850961
0.050649215	0.66357726	0.18127115	0.06814531	0.027558938	0.008798124	54850114
0.041840047	0.69154656	0.0070620296	0.0077140164	0.009928845	0.24190845	54851084
0.11470976	0.71818894	0.0015626849	0.0009406665	0.005716664	0.15888129	54851053
0.035889782	0.14572965	0.74153155	0.033263355	0.037016973	0.006568671	54851264
0.0046612117	0.0079811225	0.8533222	0.064100444	0.06836158	0.001573358	54851251
0.022577181	0.9394361	0.00016565852	0.0008510638	0.004695149	0.032274935	54843303
0.08078683	0.10401407	0.50953484	0.20618391	0.09281638	0.0066639474	54851262
0.06650988	0.05880032	0.19576102	0.5227039	0.15074216	0.0054826927	54851263
0.006462992	0.0024831942	0.0046582455	0.94263786	0.042753827	0.0010039061	54851252
0.04544848	0.79352915	0.002260361	0.12437472	0.02969751	0.004689758	54851284
0.018802866	0.9592645	0.0037703265	0.010934967	0.006825109	0.0004022993	54851348
0.10917084	0.12602498	0.14092016	0.3818396	0.23487826	0.0071661524	54851349
0.11648759	0.43150815	0.17447345	0.24211323	0.032695234	0.0027222896	54851449
0.08423006	0.9045486	0.00010773726	0.0073142764	0.0031977973	0.00060161896	54851376
0.0033633932	0.037569147	0.0005319682	0.9137134	0.04473017	9.188234e-05	54851375
0.003295721	0.0023140132	0.04538257	0.92474073	0.02348304	0.00078391697	54851350
0.02198707	0.9568713	0.0005317824	0.018055806	0.0014721823	0.0010819287	54851448
0.032094907	0.21334855	0.6188629	0.11846153	0.01639438	0.0008376988	54851523
0.0026178882	0.0012946837	0.001345932	0.8854961	0.10918322	6.219153e-05	54851450
0.046456937	0.19034141	0.13849998	0.59977293	0.022990003	0.0019387449	54851524
0.031360243	0.030787837	0.2254443	0.65205365	0.058051042	0.0023030003	54852895
0.023244392	0.9592145	0.00017323998	0.00068712747	0.0007942348	0.015886469	54852952
0.07238489	0.13701148	0.0129072685	0.6623765	0.113943465	0.0013763524	54852849
0.006139401	0.816082	0.16749762	0.0061794855	0.0037895963	0.0003119085	54852947
0.06488387	0.929669	0.0006602536	0.0025246318	0.0016900959	0.0005721882	54851451
0.054131	0.88725406	0.0036510506	0.04693108	0.006918322	0.0011145402	54852850
0.071516596	0.61739683	0.017084094	0.29152474	0.0021406142	0.00033706645	54852893
0.024176965	0.9655723	2.3936997e-05	0.00020657004	0.0062024347	0.003817865	54852962
0.03853682	0.94517386	0.0007977966	0.0068517905	0.0068730204	0.0017667343	54851253
0.027403353	0.9657767	0.00023587707	0.00030212212	0.0013781814	0.004903882	54852960
0.7437581	0.20432895	0.00040409376	0.0006286556	0.044412058	0.006468177	54854110
0.18398075	0.003184118	0.0017945389	0.63003105	0.17966709	0.0013424181	54854087
0.5974432	0.23071961	0.0019731275	0.07758549	0.0902345	0.0020440603	54854055
0.7036062	0.2682851	0.004029753	0.0006340716	0.02212909	0.0013157666	54854142
0.0021086654	0.001299007	0.961644	0.030543586	0.0035730104	0.0008318006	54857489
0.0053976956	0.0033037018	0.988304	0.0015992915	0.0011216934	0.00027361015	54857421
0.073332556	0.0010716866	0.588028	0.25099075	0.013103891	0.07347312	54857451
0.8332094	0.14133975	0.00189468	0.0014925505	0.01798219	0.004081389	54857502
0.18514434	0.05726147	0.004257688	0.0008295333	0.031162169	0.72134477	54857474
0.0040861038	0.007558118	0.94524425	0.038730253	0.002973234	0.0014081041	54857571
0.17735396	0.013768249	0.00074479514	0.76486194	0.042797364	0.0004736356	54857556
0.82279956	0.14712813	0.0013232285	0.0013475007	0.026565183	0.00083638064	54857550
0.84751606	0.12506348	0.0016639712	0.010716334	0.012114166	0.0029260584	54857532
0.012247492	0.0050086654	0.88402426	0.08040076	0.015507461	0.002811333	54858524
0.05112817	0.029306281	0.84856886	0.007751762	0.061196033	0.0020488203	54858480
0.45637628	0.0031262892	0.0062483735	0.45274875	0.079962164	0.0015381027	54858464
0.8288693	0.15793681	0.00034346236	0.00028475228	0.007767112	0.0047986414	54858432
0.8027496	0.1453591	0.00026814645	0.0007488049	0.022745557	0.028128725	54858509
0.3767945	0.27525315	0.21804239	0.08056321	0.045144994	0.0042017507	54870274
0.36885765	0.54327613	0.04904598	0.018352645	0.017693955	0.0027736214	54870268
0.31633383	0.08918436	0.29652438	0.23949239	0.05692991	0.0015351605	54870330
0.04737112	0.9517266	4.7587753e-05	0.00011202385	0.0005423532	0.0002003676	54870225
0.053090256	0.9461983	1.7029854e-05	4.229102e-05	0.0004069123	0.0002451692	54870192
0.63746214	0.30312693	0.0009811318	0.0022206	0.03979346	0.016415806	54870317
0.033568826	0.957892	0.0022966857	0.0021820115	0.0034510363	0.00060948345	54881232
0.06460677	0.91713625	0.002578505	0.0021000316	0.0035319151	0.010046571	54881255
0.008408526	0.98155457	0.00018271655	0.00035846292	0.00067693874	0.0088187335	54885954
0.045710392	0.93510354	6.692667e-05	0.00015139858	0.006440775	0.012527049	54881246
0.0055354526	0.99231154	0.0007704232	0.00031181987	0.00058905006	0.00048173155	54885788
0.007847488	0.9890465	0.00013350158	0.0005112166	0.00058874354	0.0018725118	54885842
0.012261192	0.97845125	0.0004091759	0.00028319983	0.0010182228	0.0075769736	54899450
0.220108	0.061755046	0.014914026	0.00047546835	0.013764624	0.68898284	54889757
0.010036228	0.0011411728	0.0050680423	7.5724114e-05	0.00035636834	0.9833225	54889826
0.07636663	0.011158507	0.03508752	0.0003135811	0.002490208	0.87458354	54889740
0.54813355	0.080806695	0.0009349108	0.0034648671	0.039322667	0.32733732	54899463
0.82917833	0.10635366	0.0040252493	0.0041943956	0.0051290924	0.051119253	54899378
0.05983469	0.034355126	0.7818952	0.082765415	0.03796591	0.0031836918	54914962
0.14147858	0.84366435	0.004380811	0.0022674436	0.003951472	0.004257291	54915025
0.0076640905	0.0061796964	0.9350519	0.011428919	0.03741556	0.0022597783	54915215
0.21876226	0.15220508	0.26206446	0.19216907	0.17174874	0.0030503715	54915160
0.07533226	0.0077684396	0.7498524	0.10294657	0.06189965	0.002200684	54914925
0.14581971	0.7863612	0.0025928596	0.0021565948	0.005780612	0.05728906	54915003
0.5647406	0.43178105	0.00026826016	0.00036000027	0.0023689475	0.00048114042	54925802
0.52631974	0.4706809	0.0001918493	0.00041224825	0.0016120557	0.0007832189	54925796
0.0681966	0.87847096	0.012395268	0.0033260265	0.007545218	0.030065814	54915190
0.57840776	0.41448814	0.001744209	0.0018937328	0.0012427411	0.0022234304	54925761
0.50398815	0.4816405	0.0013463242	0.0034129429	0.0043340432	0.0052780192	54925941
0.6295339	0.35875782	0.0012942825	0.0017533634	0.0035247803	0.005135876	54925713
0.25169742	0.11369629	0.03023866	0.4832228	0.10912127	0.012023521	54926240
0.033937395	0.019767284	0.015161566	0.85706496	0.07302309	0.001045731	54926241
0.06435367	0.19619097	0.02304966	0.691532	0.019800248	0.005073392	54926111
0.011826337	0.9846779	0.0003702777	0.0018343657	0.0007039675	0.00058716914	54926113
0.024222737	0.020967431	0.43650833	0.4560594	0.06046229	0.0017797771	54926375
0.013355027	0.8710054	0.0004681414	0.0028045496	0.0042501953	0.10811667	54926206
0.1959775	0.13230261	0.21635959	0.20308554	0.24996915	0.0023056297	54926374
0.091535695	0.14285877	0.004116654	0.7112893	0.049173504	0.0010260735	54926322
0.0117506115	0.98300606	0.00019314243	0.002979617	0.001520673	0.00054989057	54926047
0.10971607	0.20252365	0.004612119	0.5665418	0.090530835	0.026075514	54926626
0.061163906	0.88109004	0.015646204	0.027879553	0.011495778	0.0027245455	54926323
0.033512786	0.08135848	0.0034794502	0.83734995	0.03381798	0.010481278	54926851
0.015068094	0.015982458	0.0062562907	0.78639656	0.17335242	0.002944123	54926852
0.029336538	0.18069762	0.0013269192	0.7429722	0.04096754	0.0046991804	54926669
0.03269483	0.94913477	9.0547546e-05	0.00038826923	0.0074882014	0.010203347	54926817
0.019908298	0.29169112	0.011682051	0.621101	0.05481111	0.0008063982	54926902
0.034339562	0.9592658	6.876909e-05	0.0005348783	0.004243361	0.0015476539	54926825
0.02800425	0.9552687	0.00040346928	0.008268414	0.0012067651	0.0068484056	54926938
0.037425082	0.9569238	0.0037863546	0.0005773553	0.0009536845	0.00033382655	54926963
0.07055033	0.9261951	0.0015000096	0.00043710507	0.0011358616	0.00018159111	54927010
0.08291608	0.91335166	0.0015972237	0.0007634093	0.0011817692	0.00018984321	54926993
0.00848408	0.006803394	0.010254232	0.9369454	0.03643104	0.0010819101	54927135
0.044644155	0.05062069	0.013560933	0.07127859	0.7902219	0.029673804	54927184
0.008923706	0.0036869096	0.014194452	0.9282221	0.04417708	0.00079571694	54927185
0.02048149	0.3254291	0.2523697	0.13053346	0.2705766	0.000609597	54927280
0.036839943	0.03688114	0.6435189	0.06449243	0.21535747	0.0029101174	54927286
0.06950428	0.63269436	0.12521693	0.107777305	0.06391126	0.00089584215	54927283
0.020066785	0.20758666	0.72597075	0.016713299	0.027846796	0.0018157405	54927295
0.09652824	0.051612984	0.38540623	0.3019266	0.1560164	0.008509538	54927432
0.43471676	0.5447632	0.00036885784	0.00085218216	0.010018171	0.009280805	54927314
0.06642689	0.66689837	0.005357723	0.0026735314	0.02532288	0.23332058	54927304
0.10455812	0.8544311	0.00154107	0.0013626848	0.0014065553	0.036700413	54915033
0.058963157	0.81925696	0.046105817	0.026668688	0.03651315	0.012492284	54927348
0.52735376	0.42774642	0.009122349	0.024901578	0.006538926	0.004336954	54925807
0.04131234	0.8286434	0.0040927236	0.018709613	0.01465915	0.09258279	54927427
0.07369736	0.2928976	0.14676584	0.43413886	0.047679164	0.0048212283	54927461
0.04218283	0.09126632	0.0020167932	0.7926849	0.063694835	0.008154292	54927433
0.005511219	0.963198	0.00029328305	0.0008163403	0.001959393	0.028221628	54927454
0.007056282	0.81278753	0.00069714367	0.004169607	0.004914319	0.17037503	54927477
0.036890324	0.014008106	0.51193047	0.384695	0.044805843	0.0076703057	54927470
0.008838029	0.96973777	0.00015052284	0.00025993137	0.0006020437	0.020411728	54927556
0.008520229	0.97074676	3.9219914e-05	0.00025913154	0.003461611	0.016973028	54927578
0.005260484	0.98778385	0.00026007416	0.00022532455	0.00045718672	0.006013026	54927575
0.040724285	0.061333872	0.00048502476	0.83846784	0.057901304	0.0010876318	54927344
0.04351742	0.019576678	0.6288614	0.23739402	0.061636504	0.009013911	54927669
0.0894598	0.03330306	0.6293014	0.15337388	0.080218785	0.014343043	54927656
0.051784232	0.02489231	0.6051642	0.21840018	0.096477576	0.0032814557	54927667
0.017609073	0.95776767	0.014831974	0.0023291048	0.0019227993	0.0055394396	54927680
0.032150038	0.08026676	0.6575458	0.19264838	0.026953204	0.010435818	54927678
0.028273825	0.9615529	0.0014132827	0.0003594289	0.0024588946	0.005941682	54927691
0.021395558	0.24856392	0.5506717	0.13713421	0.039110687	0.0031239667	54927770
0.028359553	0.013054745	0.73158103	0.20803343	0.014141873	0.004829404	54927878
0.12716588	0.072690174	0.54858047	0.2012921	0.03814623	0.012125201	54927795
0.02994561	0.016372949	0.59180427	0.31463477	0.043506242	0.003736184	54927890
0.0035592215	0.99587786	4.1058338e-05	0.00012706945	0.0001615569	0.0002333294	54927844
0.024077065	0.6826449	0.23295477	0.014107548	0.0051061027	0.04110963	54927819
0.09412792	0.06736584	0.02385375	0.607919	0.20572725	0.0010063465	54927976
0.091305934	0.26340798	0.0041558263	0.49787375	0.14179525	0.0014613052	54927927
0.024394924	0.96169305	0.0012562408	0.009400902	0.0028560443	0.00039882812	54927928
0.03401165	0.9177898	0.00055168197	0.00014546387	0.0023748614	0.04512658	54928335
0.026735907	0.95065355	0.00034905897	0.00020982992	0.0028732873	0.019178309	54928297
0.55878985	0.38701594	0.001225497	0.002267414	0.021574099	0.029127242	54928303
0.016631963	0.013397082	0.41984507	0.5271464	0.021252897	0.001726579	54928031
0.20027842	0.17093903	0.0126739405	0.49577984	0.117219105	0.0031096113	54927978
0.06843658	0.84283704	0.0018798003	0.04259589	0.0430786	0.0011721184	54928030
0.15723264	0.32368302	0.0024830399	0.44110358	0.074785024	0.00071273383	54928441
0.006088607	0.002920443	0.026740532	0.93737406	0.026808454	6.7940484e-05	54928418
0.02249501	0.973443	0.00010540112	0.0021952412	0.0016273092	0.00013414831	54927979
0.09825723	0.09968717	0.021366663	0.36503994	0.4142034	0.0014455582	54928417
0.11734944	0.08009377	0.010974862	0.5005637	0.29040387	0.00061440544	54928515
0.009364802	0.110588804	0.80524886	0.030800793	0.0058713076	0.03812542	54928703
0.010690954	0.1688877	0.3125016	0.42250666	0.08480262	0.0006104638	54928694
0.2743582	0.17292932	0.2593413	0.15713951	0.13394506	0.0022866214	54928714
0.027138254	0.0811374	0.80879396	0.042600352	0.03874909	0.0015809317	54928697
0.03277462	0.95522594	0.0042497134	0.0018352303	0.0035074404	0.0024069692	54928611
0.08649942	0.051945087	0.025514279	0.7686572	0.06346565	0.003918372	54928466
0.032684617	0.88652396	0.0005904376	0.00297591	0.008276728	0.06894829	54928627
0.06833177	0.8661542	0.0039421003	0.027212922	0.032615542	0.0017435171	54928467
0.026523521	0.91387105	0.041910812	0.0062259105	0.0023460323	0.009122697	54928670
0.034040533	0.0077788997	0.057099994	0.24958813	0.50497586	0.14651665	54928945
0.033014562	0.96371245	5.988393e-05	0.00030656814	0.0011846051	0.0017218782	54928905
0.11453007	0.8429955	0.024650566	0.0028705092	0.0038232652	0.011130098	54928913
0.09260568	0.89343715	0.004106482	0.0011871507	0.0037179943	0.004945565	54928937
0.054920483	0.14272787	0.6218682	0.090363264	0.085553244	0.0045669293	54929352
0.76706815	0.19776663	0.00076442625	0.0008162178	0.0048100194	0.02877459	54928988
0.6691125	0.30172268	0.0004083407	0.0041740616	0.02035922	0.0042231837	54929033
0.0337144	0.024781326	0.79686916	0.11228823	0.029497167	0.002849707	54929359
0.03587393	0.122138105	0.66174114	0.14132991	0.036551073	0.0023657721	54929295
0.0052627027	0.9915991	0.00032472995	0.00119258	0.00047168508	0.0011492732	54929350
0.008516772	0.3948022	0.5459833	0.03413945	0.0086158	0.007942442	54929450
0.0144025395	0.98256415	6.375947e-05	0.00079571566	0.00074751995	0.0014264471	54929310
0.1043514	0.3821204	0.4482428	0.052018676	0.005700211	0.007566403	54929035
0.05091896	0.032359578	0.0073362715	0.79422945	0.113115266	0.0020404132	54929493
0.041257594	0.034117546	0.0054275417	0.50853735	0.40716484	0.0034951326	54929494
0.020156108	0.94845945	0.0008930917	0.0017392852	0.008912034	0.01984002	54929461
0.024945319	0.85686684	0.008938098	0.005219715	0.0067400914	0.09728996	54929433
0.006926514	0.003024856	0.7106295	0.2482564	0.030109854	0.0010527779	54933292
0.66660196	0.089431986	0.074648865	0.0100119505	0.044672497	0.11463271	54933302
0.009967086	0.94622135	0.004189148	0.0034998572	0.01411336	0.022009056	54929445
0.49302799	0.45995426	0.029130861	0.002882542	0.012266603	0.0027376863	54933301
0.012903347	0.114333935	0.1879745	0.5078778	0.17422275	0.0026876407	54933293
0.46802282	0.16547932	0.32129055	0.028104061	0.008283557	0.008819719	54933324
0.09183747	0.049589586	0.013184846	0.757634	0.0798615	0.0078926375	54933791
0.047754344	0.9264659	0.0008522547	0.008249885	0.015943402	0.0007341684	54933788
0.10322272	0.044619992	0.5753459	0.20546268	0.059744716	0.011603998	54936399
0.119067326	0.023719134	0.016808223	0.5762931	0.26336405	0.00074815395	54933793
0.007711285	0.009484952	0.042072386	0.9110627	0.027272578	0.0023960914	54933295
0.009941341	0.98352057	0.00037435416	0.0008916762	0.0018802187	0.0033918999	54936384
0.07778757	0.29666927	0.45304704	0.13566637	0.033437133	0.0033926377	54936405
0.004579195	0.9920385	0.00040626776	0.0017603933	0.00079860335	0.00041695696	54936325
0.0047133416	0.9935708	0.00025325542	0.00074397586	0.00045271142	0.00026591055	54936398
0.095946245	0.8530711	0.0003414963	0.0002789142	0.007732541	0.04262968	54936492
0.028429294	0.7482943	0.0006569731	0.0012564508	0.009880641	0.21148236	54936459
0.016606726	0.0077546984	0.5374069	0.36995828	0.06707846	0.001194942	54936718
0.03584593	0.05537638	0.0050345114	0.78131396	0.12084084	0.0015883031	54936722
0.09068641	0.10295126	0.40037605	0.15309967	0.25059482	0.0022917297	54936445
0.06094955	0.5256989	0.007652149	0.12278307	0.28161025	0.0013060109	54936910
0.0139129525	0.0033238453	0.006282911	0.00072558306	0.01584941	0.9599053	54936476
0.012004339	0.016520504	0.040299278	0.8963277	0.034180943	0.00066727446	54936908
0.18877862	0.040135987	0.63072866	0.093077734	0.029868262	0.017410742	54936719
0.022381084	0.9677299	0.00023293446	0.0013734063	0.0019940678	0.0062886584	54936830
0.03427692	0.74695987	0.0009855794	0.0016019089	0.024200367	0.19197534	54937021
0.045701224	0.85684776	0.00028720364	0.001112549	0.006806693	0.08924463	54937001
0.06343902	0.38314196	0.003268164	0.00190889	0.02021601	0.5280259	54937078
0.089716025	0.04493326	0.10160244	0.16047573	0.6005093	0.002763324	54937192
0.060542345	0.30751863	0.26560172	0.21275817	0.14789225	0.0056868386	54937196
0.0067205695	0.00206556	0.030853001	0.95137	0.007860605	0.0011303126	54937284
0.016606167	0.06679954	0.014504367	0.6434782	0.2540184	0.0045933356	54936921
0.033571407	0.03374931	0.013100069	0.8049296	0.100314446	0.0143351015	54936723
0.01651406	0.003656646	0.00096386246	0.9199429	0.054451272	0.0044712103	54937197
0.062182054	0.018808441	0.0059906836	0.045789436	0.20785369	0.6593757	54937181
0.076326884	0.01167416	0.019725196	0.2653851	0.617339	0.00954964	54937263
0.5974584	0.39720747	0.0009780447	0.0010593617	0.0018012995	0.0014954048	54937331
0.049870692	0.74080026	0.00020305389	0.00063529576	0.0050857672	0.20340498	54937485
0.47076726	0.526793	0.00012289817	0.00013764048	0.0017828733	0.0003962755	54937321
0.06937712	0.7966899	9.430442e-05	0.001151924	0.027444875	0.10524187	54937479
0.7925176	0.18323398	0.0029064175	0.003185573	0.0139848385	0.0041715973	54937326
0.026651425	0.9260047	0.0057374295	0.021311974	0.004504941	0.015789516	54938199
0.6377933	0.32740483	0.001544056	0.0060149916	0.024125336	0.003117449	54937360
0.043837987	0.024668533	0.4232272	0.4693946	0.034864932	0.0040067625	54938282
0.582608	0.4059478	0.0019339785	0.002667315	0.0041797087	0.0026632128	54937350
0.032821897	0.6327036	9.050242e-05	0.00037734452	0.011287005	0.32271972	54937467
0.011003927	0.023875508	0.86719036	0.06607937	0.029419966	0.0024308723	54938917
0.028332816	0.12807174	0.004856965	0.819114	0.018956488	0.0006679846	54938837
0.3628068	0.1603837	0.28094095	0.03843758	0.040693995	0.11673693	54938919
0.7831608	0.07313097	0.0006200398	0.0023949763	0.082795575	0.057897612	54938921
0.0029257555	0.000987313	0.16275293	0.82618874	0.00661222	0.00053302804	54938918
0.67499274	0.13111763	0.014631771	0.0034756947	0.018147849	0.15763433	54938986
0.0015293317	0.011671176	0.9695189	0.0013533063	0.00066647615	0.015260777	54940162
0.07297186	0.63478947	0.001923482	0.0067997244	0.0283616	0.2551539	54939343
0.039378747	0.7211394	0.004956403	0.0032830318	0.022769293	0.20847318	54939355
0.06112453	0.9152112	0.00027706096	0.0003444096	0.0024137415	0.020629067	54939385
0.02616347	0.32913962	0.5644391	0.019304616	0.02139416	0.03955901	54940064
0.028466146	0.038409133	0.020044371	0.8481245	0.0635721	0.0013836843	54940214
0.0109938495	0.98245794	0.0010395766	0.0017722286	0.0013199031	0.0024165348	54940067
0.011857611	0.9703528	0.00043170265	0.00087879907	0.0011340079	0.015345094	54940190
0.058908295	0.027553366	0.83549017	0.052280124	0.016249899	0.009518104	54940367
0.0077503216	0.9857466	0.00036127598	0.0010846197	0.00080871873	0.004248487	54940191
0.031898197	0.016222514	0.7824336	0.13938542	0.024569785	0.0054904846	54940478
0.02862707	0.94250125	0.000366209	0.0012439835	0.004149599	0.023111826	54940474
0.12107092	0.057506077	0.2244022	0.30760318	0.28248096	0.00693662	54940368
0.0172355	0.0808034	0.011745591	0.85559773	0.032579098	0.0020386653	54940128
0.02956847	0.013771298	0.039204825	0.84224737	0.067184374	0.008023631	54940372
0.031561185	0.9031925	0.000285418	0.0010488637	0.013213368	0.050698604	54940424
0.03169335	0.9210538	0.0004706232	0.0006265608	0.0049517155	0.041203998	54940461
0.04684942	0.90971977	0.010375217	0.011832089	0.014295272	0.0069282516	54940528
0.017273141	0.9754023	0.00017721846	0.00040716166	0.003409949	0.0033301888	54940530
0.09745834	0.8842836	0.00012767877	0.0013162052	0.014933126	0.0018809807	54940496
0.021317033	0.025478432	0.6861083	0.07219966	0.19337189	0.0015247061	54940734
0.005990726	0.007744964	0.74708754	0.20255554	0.03558032	0.0010408892	54940764
0.013911361	0.015030868	0.033631306	0.7973697	0.13315934	0.006897429	54940765
0.012050401	0.023979215	0.029561397	0.8051104	0.10264158	0.026656978	54940767
0.017652221	0.006394796	0.027087772	0.37931556	0.5638799	0.005669702	54937236
0.019968973	0.021067277	0.05063145	0.8326379	0.052675493	0.023018982	54940742
0.1861486	0.5876396	0.0045801173	0.010592109	0.15421344	0.056826174	54940733
0.0036328465	0.0017068234	0.00013717136	0.9902063	0.0037342578	0.00058254343	54940766
0.06651922	0.76711714	0.0944108	0.05651792	0.013808557	0.0016262907	54943040
0.020755216	0.96124893	0.0027111743	0.00543173	0.0025080626	0.007344912	54943039
0.030758709	0.9507736	0.00516198	0.0012503577	0.0029925834	0.009062789	54943058
0.0056410534	0.9885914	0.0006524839	0.00061525946	0.0017360885	0.0027636937	54943085
0.010420682	0.12640795	0.119010255	0.59102225	0.15152904	0.00160986	54943218
0.017829638	0.011952025	0.8722325	0.08909039	0.0059252414	0.0029702461	54943381
0.016977755	0.9793649	0.0011394648	0.00038193355	0.0001912543	0.0019446862	54943225
0.0075165606	0.9889392	0.00038742946	0.002063495	0.00066693174	0.00042644562	54943264
0.0029438264	0.9912493	0.00020813658	0.00028795007	0.0004760906	0.0048346086	54943246
0.010447317	0.9847076	0.00027144342	0.0005979075	0.0010321068	0.0029436161	54943339
0.031189123	0.11872295	0.6709789	0.14296432	0.03487118	0.0012734453	54943343
0.0051379763	0.9895543	0.0023056949	0.0010327373	0.0006774976	0.0012918491	54943369
0.0025160178	0.99525154	0.00023991564	0.0001620965	0.00030981554	0.0015206231	54943323
0.09127772	0.074434504	0.031029746	0.7115814	0.08214059	0.0095360335	54943449
0.032169934	0.17998235	0.030543806	0.6737611	0.08294722	0.000595548	54943403
0.03749722	0.9362012	0.0018415231	0.014580497	0.009342185	0.00053734053	54943448
0.21076538	0.5276584	0.0014131465	0.16593759	0.09143829	0.0027871619	54943401
0.5640595	0.35832405	0.0011310134	0.0029089036	0.022608817	0.050967738	54943468
0.02663919	0.098073445	0.045328442	0.6727693	0.15655391	0.00063569465	54943402
0.5723526	0.4101365	0.0002050416	0.0007494334	0.0041925237	0.012363948	54943488
0.0754348	0.17657773	0.0028460945	0.00068213703	0.012545444	0.73191386	54943706
0.042645875	0.014046148	0.80767167	0.04305559	0.09055294	0.0020277856	54943622
0.04931496	0.86204845	6.15201e-05	0.00011393199	0.0042774845	0.08418362	54943667
0.35768658	0.039018773	0.244703	0.0074936827	0.010791458	0.3403065	54943472
0.039936002	0.05893126	0.101923764	0.2703531	0.52187926	0.006976613	54944926
0.0782441	0.24241956	0.046416223	0.074613206	0.5369303	0.021376593	54944928
0.04807558	0.11127449	0.14304371	0.12047096	0.5669436	0.01019162	54944930
0.023971237	0.0060159946	0.00052771607	0.79577845	0.17072862	0.0029779968	54944853
0.021945318	0.0105384	0.5172198	0.32494023	0.12418295	0.0011732996	54944939
0.021334464	0.047081098	0.695193	0.13545713	0.09541622	0.005518147	54945057
0.12325415	0.7142324	0.00043943973	0.0060555735	0.07197006	0.08404834	54944839
0.3911088	0.5108215	0.0004306394	0.006050215	0.070577614	0.02101118	54944823
0.01776722	0.90686136	6.940466e-05	0.0009410914	0.03881147	0.035549443	54945048
0.11888359	0.019588768	0.15358408	0.09660117	0.52959555	0.08174685	54945300
0.06288538	0.024996528	0.00067748775	0.8653799	0.04175517	0.0043055383	54945058
0.023749162	0.009202671	0.640735	0.23660508	0.08895753	0.000750557	54945376
0.069544114	0.026151517	0.32715952	0.13782938	0.31554455	0.12377093	54945296
0.04842621	0.020516643	0.55969745	0.2786369	0.08380939	0.008913379	54945363
0.06582937	0.6582538	0.17597038	0.05961975	0.019808397	0.020518305	54945278
0.059902508	0.10138386	0.0005702048	0.799813	0.037565984	0.00076442113	54945050
0.0042819735	0.99148315	0.0004853859	0.0016834432	0.00059238524	0.0014736083	54945371
0.0024035436	0.9962478	0.00010773978	0.00015177757	0.00026435233	0.0008248373	54945235
0.046908334	0.67100394	0.0006323081	0.004972587	0.034665838	0.24181703	54945544
0.09150504	0.8075836	0.0014448292	0.032861397	0.05943024	0.007174875	54944907
0.09897236	0.8259413	0.00024404033	0.040001955	0.034313187	0.0005270995	54945603
0.059540875	0.5393538	0.005768971	0.1727736	0.22110519	0.0014576842	54945604
0.03566654	0.20456594	0.0585508	0.42400268	0.27674973	0.0004643731	54945605
0.09972931	0.16936883	0.04011407	0.6300201	0.057444755	0.0033229662	54945606
0.09599898	0.12742347	0.019894078	0.68143654	0.070751324	0.0044956305	54945552
0.014850304	0.0076783285	0.10229983	0.8243138	0.050105676	0.00075196224	54945659
0.061745215	0.9247004	0.0004637827	0.006609802	0.00593579	0.00054507155	54945607
0.10328786	0.7777095	0.0030192693	0.0750953	0.039784502	0.0011036232	54945658
0.030917093	0.029563203	0.006646746	0.8932369	0.038402308	0.0012338	54945528
0.026370326	0.8680641	0.0024800273	0.010803448	0.023938252	0.06834387	54946048
0.021412542	0.024994247	0.009403247	0.910851	0.032391634	0.00094726746	54946049
0.010708032	0.015319573	0.010551093	0.90085155	0.061159834	0.0014099673	54945551
0.024588173	0.06627243	0.0066524926	0.85725325	0.043350838	0.0018828929	54945980
0.0035829246	0.073922105	0.88309854	0.010044038	0.015576046	0.013776365	54946146
0.08268777	0.064452715	0.11250223	0.37582624	0.33830765	0.026223378	54945550
0.10784783	0.34224585	0.0021518394	0.5008041	0.041899476	0.005050878	54946122
0.012032902	0.94272125	0.003502589	0.0015064131	0.00096378254	0.039273046	54946052
0.019413058	0.01907836	0.005995205	0.9252593	0.029250538	0.0010035633	54946164
0.008780264	0.88183546	0.0008321439	0.0014210211	0.003777382	0.103353694	54946131
0.008650788	0.9785227	0.0019361883	0.006109118	0.0015354799	0.0032456794	54946139
0.12434574	0.04706265	0.09731531	0.50778776	0.2160497	0.0074387845	54948402
0.04304357	0.5860715	0.13629813	0.20460811	0.02910358	0.00087512354	54948433
0.005195229	0.0025239144	0.00015086391	0.96445966	0.027330982	0.00033932534	54948401
0.011270607	0.0063772583	0.0107068205	0.9445196	0.024660882	0.0024648453	54948478
0.034797184	0.962614	0.00062942825	0.00041336115	0.0009927108	0.00055328396	54948812
0.02708701	0.031769074	0.51146007	0.3610341	0.06742648	0.001223289	54948813
0.087693945	0.13844855	0.0046560285	0.7129511	0.055573605	0.0006767543	54948761
0.08114937	0.7925432	0.0071000094	0.09327524	0.025229257	0.00070302293	54948762
0.019337133	0.010619567	0.6824132	0.22888826	0.05802155	0.0007202308	54948910
0.0048485943	0.9921808	0.00018896132	0.00050374697	0.00040564153	0.0018722363	54948920
0.069938675	0.39631802	0.20811643	0.23377165	0.087647155	0.004208074	54948896
0.0075145173	0.9870783	0.00018548498	0.0008400077	0.0016674827	0.0027141806	54948889
0.067905605	0.06654102	0.4428829	0.2639228	0.15000743	0.008740211	54949111
0.04983967	0.9020811	0.0049413797	0.0034739904	0.012673199	0.026990635	54949106
0.037996486	0.9477911	0.000230164	0.00040721026	0.001811071	0.01176394	54949104
0.011160905	0.96676487	0.003743715	0.0041061025	0.006910784	0.0073135407	54949102
0.04294481	0.04395039	0.0018469056	0.8095259	0.09833578	0.0033962147	54949112
0.00425619	0.10894199	0.00225244	0.87564445	0.008641537	0.0002634639	54948963
0.007678153	0.9874329	0.0003221633	0.0007746536	0.0007485051	0.0030436385	54949214
0.016094465	0.022435617	0.25187072	0.2847984	0.42433384	0.00046698915	54951759
0.024647184	0.039806373	0.35739365	0.35652965	0.22047926	0.0011439109	54951664
0.0065794955	0.98798674	0.00016990124	0.0003383262	0.0008839029	0.004041675	54949273
0.015118106	0.93832064	0.019697657	0.01110226	0.0052672224	0.010494101	54949192
0.06646709	0.4754406	0.005109082	0.4045909	0.04763417	0.0007581916	54951663
0.60411614	0.29580966	0.0003188921	0.0019173381	0.023654945	0.07418303	54951767
0.8046605	0.15297313	0.00035913356	0.0068123797	0.02978546	0.005409447	54951763
0.07633613	0.8690139	0.0010450373	0.011094195	0.031756695	0.0107540535	54951665
0.010030595	0.008773355	0.9040731	0.051389445	0.022769682	0.0029638002	54952027
0.28989434	0.6075325	0.00064183667	0.0008425158	0.01243727	0.08865155	54951857
0.010978787	0.019395284	0.8751308	0.06935367	0.019494236	0.00564716	54952026
0.010767179	0.9807359	0.00083022343	0.0036561233	0.0029385174	0.0010720348	54951981
0.017541943	0.96084803	0.0006135441	0.015448147	0.004952068	0.0005961721	54951980
0.507469	0.3037104	0.0005109667	0.003179839	0.019486083	0.1656437	54951833
0.030735819	0.035592075	0.0033719097	0.9086956	0.021191671	0.0004130229	54951969
0.24852705	0.14769885	0.00023033586	0.0029669683	0.016085481	0.5844913	54951777
0.010476724	0.0026673395	0.010734628	0.83515865	0.13960123	0.0013614971	54952070
0.034056608	0.0392423	0.8329495	0.03440696	0.056024797	0.0033198325	54952244
0.095801614	0.0436333	0.075315826	0.59590214	0.18446285	0.004884207	54952166
0.01976068	0.048055578	0.8948052	0.024036212	0.008958904	0.0043834685	54952172
0.039802868	0.019091725	0.0062700897	0.72545123	0.20512113	0.004262979	54952167
0.02470109	0.8829555	0.0002536417	0.00040047316	0.0043247105	0.08736459	54952078
0.009592663	0.013991144	0.018472293	0.8151046	0.13418204	0.008657278	54952247
0.056648795	0.7406332	0.0008864544	0.00072418916	0.010511402	0.19059601	54952123
0.049589414	0.902523	0.00015802441	0.00077031733	0.009667867	0.037291385	54952096
0.13596085	0.09788149	0.16130175	0.21883021	0.38312835	0.0028974176	54952641
0.0052908487	0.027743433	0.9486182	0.012311943	0.0025407276	0.0034949367	54952514
0.02180878	0.9144147	0.0010728426	0.0022003937	0.014198312	0.04630501	54952459
0.024657072	0.010516929	0.02747067	0.8652748	0.07005749	0.0020230494	54952330
0.037196957	0.8854224	0.0009678004	0.00028047786	0.012975827	0.06315647	54952541
0.025044963	0.9050111	0.00054531806	0.00076036976	0.0117194345	0.05691883	54952518
0.038563207	0.012903242	0.004468317	0.83854896	0.101065524	0.004450786	54952642
0.4284375	0.5556653	0.003970589	0.0035617459	0.0037849126	0.004579928	54952713
0.40537214	0.30998668	0.034043413	0.0022377917	0.02223794	0.226122	54952742
0.6153285	0.36120963	0.0015228719	0.0028638607	0.014809198	0.0042659356	54952737
0.121286035	0.060123112	0.40424323	0.31558725	0.09625308	0.0025073644	54952797
0.0056342646	0.9870324	0.00021662639	0.0006636744	0.00066301774	0.00579001	54952753
0.10453943	0.6317463	0.045057572	0.17948774	0.031040026	0.008128982	54952777
0.0052606952	0.9817153	0.0023838372	0.0025382643	0.0012945407	0.0068074293	54952843
0.040691778	0.095786005	0.6552981	0.16693765	0.039801657	0.0014848097	54953964
0.0011792231	0.012958577	0.97659415	0.0071135378	0.00089538755	0.0012590722	54953954
0.017975247	0.18283138	0.7559657	0.027573625	0.0041416665	0.011512477	54953942
0.0038216673	0.9943375	9.254042e-05	0.0004489541	0.00018624314	0.0011130725	54953967
0.009327408	0.9881997	0.00012406555	0.00081267435	0.00082212687	0.00071397924	54953950
0.022383286	0.022241993	0.87037545	0.06656502	0.01705021	0.0013840422	54954079
0.028196523	0.01129379	0.73401076	0.19556259	0.029999759	0.00093652343	54954083
0.011278998	0.98451984	0.00041762652	0.000744889	0.0006504228	0.0023882773	54953998
0.04107418	0.799526	0.0029125828	0.06297371	0.033594113	0.0599194	54954077
0.008512972	0.98754555	0.0001552075	0.0013350389	0.0015382508	0.0009129719	54954025
0.0154150175	0.054662034	0.4320028	0.3010957	0.193134	0.0036903857	54954382
0.02274528	0.9571615	0.0021251931	0.0049487683	0.0057603037	0.0072590066	54960399
0.13866499	0.58873945	0.00399961	0.020938676	0.051166445	0.19649078	54954384
0.07025714	0.78069896	0.008946533	0.07976163	0.052423216	0.007912489	54954154
0.06233185	0.08561129	0.024606392	0.71498215	0.10879612	0.0036722608	54960408
0.05419892	0.1513283	0.010124972	0.76593006	0.015696645	0.002721048	54960364
0.016183032	0.009590233	0.0035947806	0.87774014	0.07977016	0.013121653	54954156
0.0099067865	0.9806424	5.0287035e-05	0.00017970703	0.0031312765	0.0060896375	54954153
0.022084836	0.8928707	0.0065543284	0.03402029	0.026184356	0.018285519	54960407
0.028956749	0.93769825	0.0056076576	0.013130808	0.002556422	0.012050082	54960344
0.013031557	0.009858374	0.0069016954	0.9345112	0.0319326	0.0037646024	54954386
0.085251346	0.24560408	0.38889068	0.24231897	0.032625727	0.0053091575	54960460
0.021458466	0.0038875442	0.80876774	0.1498463	0.0050230413	0.011016898	54960423
0.12402517	0.7028703	0.067036085	0.07239777	0.030166414	0.003504179	54960527
0.027509294	0.016712494	0.8629322	0.06240934	0.02655087	0.0038857395	54960517
0.023096258	0.8348772	0.04643954	0.07368267	0.011370669	0.010533595	54960471
0.059743326	0.77064395	0.070150636	0.026575895	0.05570135	0.017184826	54960666
0.022622785	0.038518414	0.72158456	0.12175718	0.093103565	0.0024134696	54960667
0.006523781	0.007842705	0.0016157134	0.89517576	0.08817997	0.0006620549	54960598
0.0067752	0.00429254	0.007214722	0.9322763	0.047572415	0.0018688197	54960668
0.034651417	0.9230905	0.004427351	0.020363681	0.009445439	0.008021624	54960600
0.06003855	0.6573242	0.017672407	0.23417822	0.019354591	0.011432166	54960599
0.0034329642	0.027574556	0.9613279	0.0010532	0.00040666945	0.006204639	54961768
0.0008037774	0.0063198116	0.9909905	0.00032268328	0.00026257796	0.0013005799	54961746
0.39276186	0.5835782	0.0006738659	0.0039935764	0.0118277585	0.007164764	54961538
0.0016919303	0.015314273	0.97865546	0.0006817254	0.00021834348	0.0034382255	54961756
0.54837114	0.4233162	0.0003927407	0.0011322701	0.023771659	0.0030159103	54961580
0.55143124	0.41695726	0.00023281925	0.0013396571	0.02448809	0.0055509456	54961571
0.006669088	0.98523915	0.00031197743	0.0009505112	0.0026867336	0.004142621	54961748
0.0035575216	0.9944003	0.0006760328	0.00044001456	0.00037257822	0.00055341347	54961774
0.007353383	0.991727	0.00015032163	0.00019341627	0.00022506114	0.00035086548	54961783
0.13414116	0.76627845	0.0060440456	0.017559351	0.049261164	0.026715891	54961909
0.21231198	0.43154472	0.017570749	0.02462753	0.08483546	0.22910951	54961950
0.17487288	0.5420484	0.027255373	0.026045332	0.071345404	0.15843257	54961978
0.050177462	0.83434016	0.001753841	0.0022292791	0.009617081	0.10188208	54961911
0.11486852	0.7566515	0.010435	0.012601067	0.03637695	0.06906688	54961975
0.18248402	0.520159	0.009271095	0.022987181	0.04878179	0.21631694	54962165
0.15689215	0.5274351	0.016632697	0.030710306	0.0758581	0.19247155	54962115
0.1771591	0.5972663	0.018959967	0.022054652	0.057430074	0.12712993	54962015
0.05667776	0.26529303	0.004738863	0.012561463	0.043553345	0.6171755	54962179
0.1562673	0.28715822	0.3749416	0.07615642	0.07329356	0.03218288	54962371
0.042975433	0.90580964	0.0313911	0.0029789496	0.005611179	0.011233692	54962364
0.009414563	0.002259189	0.014148901	0.96499735	0.0064862706	0.0026937136	54962221
0.1217559	0.09054466	0.28342593	0.22856724	0.26613927	0.009567011	54962224
0.024514077	0.93131506	0.0003810726	0.00061078905	0.010973438	0.03220557	54962322
0.018450437	0.91609424	0.00017713937	0.00022295519	0.004729931	0.060325313	54962279
0.009244151	0.0026795447	0.009930436	0.95479584	0.020695068	0.0026549932	54962454
0.026626913	0.12997562	0.012386917	0.0040183915	0.01842174	0.80857044	54962604
0.028368939	0.889781	0.00038154155	0.0007192254	0.0080586495	0.07269064	54962413
0.13014022	0.7458476	0.00014248282	0.0007574488	0.01705747	0.1060548	54962481
0.06659999	0.52444834	0.002251448	0.005213739	0.02224328	0.37924325	54962514
0.04500501	0.76487833	0.0047717416	0.0024932313	0.021502275	0.16134937	54962549
0.016191565	0.046459764	0.84836966	0.028319685	0.059664164	0.000995146	54962531
0.7065868	0.253089	0.0006735	0.00545771	0.03018638	0.0040066093	54962588
0.059221115	0.7356862	0.0012761906	0.0022486234	0.02780518	0.17376265	54962596
0.5704837	0.4107959	0.00049560907	0.001203371	0.011838251	0.0051831347	54962587
0.044677492	0.4347623	0.17509119	0.22860995	0.11214025	0.004718773	54963711
0.025686316	0.011146006	0.21918862	0.6354166	0.10416628	0.004396196	54962728
0.015342852	0.0060963216	0.011701517	0.9049073	0.06093047	0.0010216425	54962610
0.5974081	0.3834783	0.0011468004	0.002023703	0.0044918964	0.011451092	54963396
0.59273565	0.3885943	0.0020550434	0.0037258617	0.00582977	0.0070593394	54963388
0.0141451955	0.0042778975	0.015620972	0.93807256	0.026443798	0.001439606	54962729
0.017861161	0.005280857	0.1417567	0.69681865	0.13384596	0.0044367188	54962611
0.74063694	0.24118222	0.0014070569	0.0016284488	0.0070624435	0.008082827	54963283
0.06165298	0.2709042	0.0044788634	0.0039289966	0.030518636	0.62851626	54963783
0.07384178	0.72525686	0.00041204586	0.00077056105	0.005990594	0.19372809	54963724
0.06362892	0.7862434	0.00031406063	0.0012611893	0.027297381	0.12125513	54963728
0.001739999	0.0042545157	0.99021167	0.0010208753	0.0021381543	0.0006347458	54963947
0.09232726	0.07091531	0.003786089	0.015868498	0.78791636	0.029186524	54963945
0.016432784	0.48773664	0.24870086	0.036907814	0.07896144	0.13126051	54963860
0.0083896145	0.07238541	0.67381406	0.12231224	0.12274156	0.00035714	54963975
0.023820383	0.78465116	0.1023034	0.028536633	0.039938763	0.020749617	54963859
0.46755323	0.49511257	0.0007937818	0.0010329768	0.016445871	0.019061502	54963920
0.0038057892	0.022073418	0.9549731	0.006809535	0.012161417	0.00017674467	54964020
0.5343453	0.42204377	0.014546262	0.0032483544	0.008531122	0.017285187	54964251
0.038502038	0.79719174	0.0061457553	0.003042567	0.026459213	0.12865862	54963988
0.5204946	0.45384148	0.00019471851	0.0007238811	0.017321581	0.0074238195	54964128
0.03634277	0.7283077	0.0009729901	0.004415594	0.09915573	0.13080521	54964035
0.23639902	0.7502521	0.0018578739	0.0015449451	0.007138224	0.0028077601	54964278
0.07885617	0.63106203	0.006495033	0.0053947386	0.013201005	0.26499104	54964329
0.09241752	0.61143965	0.0027091692	0.003424979	0.028540634	0.261468	54964315
0.47183165	0.5054663	0.00022826307	0.0005567783	0.009455906	0.012461197	54964282
0.123139836	0.72517353	0.0035963834	0.0066080396	0.04570366	0.095778555	54964332
0.10809931	0.35272223	0.13130635	0.022452176	0.11810366	0.26731628	54964480
0.011322196	0.119298086	0.63056403	0.19373374	0.044934068	0.00014788107	54964469
0.007146788	0.0035792517	0.9689201	0.0074925125	0.012277382	0.0005839536	54964504
0.028454501	0.11046031	0.019305939	0.02661601	0.06790792	0.74725544	54964674
0.03957344	0.22065471	0.019550927	0.03193594	0.051963467	0.63632154	54964553
0.032792743	0.7994083	0.00014958203	0.00075815513	0.017097622	0.14979352	54964452
0.04630006	0.65556514	0.011442421	0.018294496	0.11443519	0.15396266	54964579
0.59908897	0.3698992	0.00026989164	0.0005024335	0.017919963	0.012319535	54964622
0.51230484	0.44239908	0.010130335	0.007238967	0.020477114	0.0074496632	54964629
0.11160726	0.6351278	0.00040560137	0.0010708086	0.045339722	0.20644884	54964496
0.01592711	0.87319237	0.00078009436	0.001231688	0.007124702	0.10174397	54964643
0.037612997	0.27545944	0.014734941	0.009097191	0.028797768	0.6342976	54964750
0.06894044	0.9109329	0.0007769884	0.00024450608	0.0011113891	0.017993795	54964721
0.33633155	0.0128591	0.16092795	0.42466044	0.048834946	0.016386013	54964723
0.7348059	0.22435376	0.0042443066	0.0027557926	0.020418905	0.013421372	54964728
0.080539815	0.124804616	0.008795211	0.75981534	0.021850303	0.00419475	54964938
0.0755188	0.889809	0.0023403727	0.020669727	0.011062991	0.00059907394	54964755
0.21365364	0.47034675	0.012544026	0.023572598	0.05175648	0.2281265	54964988
0.06239769	0.82356197	0.015470604	0.0057485723	0.0072539276	0.08556714	54964993
0.00769346	0.9879098	9.569763e-05	0.00031566655	0.00032493795	0.0036604567	54964756
0.22461331	0.6314593	0.004492563	0.015579644	0.028676238	0.09517894	54964979
0.068859264	0.8859503	0.0005005846	0.00030081611	0.003164637	0.04122439	54965529
0.08802173	0.74569434	0.00015606181	0.0009813982	0.015619627	0.1495268	54965504
0.039842524	0.78108263	0.0051996442	0.015078105	0.027411297	0.13138577	54965494
0.13905647	0.1377156	0.14288783	0.15359713	0.40322372	0.023519235	54965551
0.47258157	0.025209	0.1017511	0.3414346	0.051540658	0.007483029	54965532
0.0443757	0.2398507	0.6038408	0.04980224	0.0594353	0.0026952403	54965519
0.8400033	0.08393334	0.046219613	0.0041116397	0.019392593	0.0063395225	54965535
0.060611688	0.67119604	0.003878813	0.002886461	0.059855863	0.2015711	54964693
0.400925	0.058343343	0.0018754902	0.0032132412	0.20991258	0.32573035	54965595
0.057631306	0.74195564	0.0044513023	0.004645303	0.044893757	0.14642277	54965651
0.038359385	0.10080401	0.0024455679	0.0019539576	0.016859733	0.8395773	54965710
0.48175138	0.48634547	0.0008475784	0.00074760173	0.015421998	0.014885974	54965589
0.09538533	0.16518177	0.028224792	0.030853882	0.67830336	0.002050901	54965681
0.55398303	0.40648714	0.0003897053	0.00085128547	0.016230483	0.022058325	54965677
0.0070423195	0.020719895	0.84798545	0.049394365	0.074564986	0.00029292976	54965626
0.7285907	0.24765846	4.720808e-05	0.00013457285	0.021248693	0.0023203203	54965587
0.12739095	0.334851	0.002715181	0.4493348	0.08355171	0.002156304	54967420
0.165049	0.1105003	0.024229243	0.654854	0.04502285	0.00034463007	54967468
0.007510672	0.016936509	0.06796923	0.86662674	0.04084356	0.00011327265	54967470
0.013377386	0.008667735	0.001825979	0.8843675	0.08964282	0.0021186455	54967630
0.1329596	0.76539975	0.0013109026	0.047718737	0.041832253	0.010778714	54967628
0.39083883	0.14148037	0.012823655	0.16800761	0.27974537	0.007104177	54967469
0.079989836	0.044057786	0.1327329	0.19525903	0.53727865	0.01068173	54965550
0.50556624	0.4720753	0.0027835502	0.005568887	0.007747414	0.006258546	54968176
0.021596106	0.47193828	0.001063619	0.0014936937	0.013474139	0.49043408	54968356
0.13418001	0.047188208	0.4955387	0.24833603	0.06679515	0.007961917	54974527
0.0036516197	0.0013986286	0.95474434	0.036067255	0.0036400417	0.000498145	54974501
0.44792935	0.48425594	0.044967026	0.0070211375	0.0041899863	0.011636555	54968171
0.05061722	0.03564683	0.88348204	0.01625237	0.009925727	0.004075818	54974546
0.42667452	0.5622465	0.0015393688	0.0026517012	0.0033898894	0.0034980031	54968179
0.0033497026	0.9946122	0.00016679095	0.0011006271	0.0006795748	9.1040536e-05	54974412
0.019679388	0.4184693	0.0055485084	0.0022525154	0.012182165	0.5418681	54968404
0.004285539	0.9672074	0.013208349	0.0027713042	0.0059099784	0.0066174483	54974406
0.031186897	0.70083743	0.00015679796	0.00089466164	0.010040497	0.2568837	54968315
0.06090819	0.049969625	0.6100041	0.21422474	0.06092399	0.003969323	54974844
0.05374388	0.056744713	0.59220773	0.2559282	0.035466615	0.0059089265	54974889
0.0065130927	0.001884848	0.6789301	0.29958013	0.012934292	0.00015750798	54974712
0.0064929626	0.9920312	0.00019809094	0.0004885184	0.00044070705	0.0003485395	54974811
0.015090933	0.9788769	0.00046426058	0.00088844344	0.001399038	0.0032804061	54974733
0.010866877	0.98615557	0.00017753693	0.0013933047	0.0007328084	0.0006739483	54974854
0.0019439128	0.04175434	0.9483977	0.0021599352	0.0018468562	0.0038973307	54975060
0.002604562	0.043491628	0.9474587	0.0025796297	0.0021065774	0.0017589635	54975061
0.010134037	0.9748216	0.0012672723	0.005242339	0.0022117838	0.0063229613	54975081
0.02007091	0.097482786	0.022786569	0.81661046	0.040670913	0.0023783694	54975027
0.034714445	0.01173438	0.38499725	0.5167608	0.047976024	0.0038170654	54975083
0.00059988996	0.0004205557	0.98852855	0.0040147183	0.006210271	0.0002259659	54976101
0.008362091	0.0020530995	0.0010735084	0.94636875	0.041567773	0.0005746723	54976162
0.0074022543	0.001709229	0.018880121	0.9452318	0.025927536	0.000849077	54976102
0.03346322	0.5712584	0.0036029676	0.006446352	0.037401125	0.34782794	54976347
0.08255264	0.73904955	0.002451133	0.009951821	0.16412388	0.0018710439	54976422
0.015030474	0.008265843	0.0012867525	0.0023356276	0.037610587	0.9354707	54976415
0.15979503	0.28716373	0.03446272	0.08037635	0.43124914	0.0069530187	54976374
0.053589627	0.6210488	0.0005799998	0.012904708	0.08947842	0.22239839	54976340
0.032635253	0.3687263	0.09590552	0.042418186	0.43647665	0.0238381	54976417
0.32181355	0.08659892	0.4769359	0.09730266	0.013666676	0.0036822392	54976409
0.7403467	0.24199621	0.00051757554	0.0012055977	0.008888457	0.007045457	54976386
0.60849696	0.35616058	0.0006878587	0.0018119863	0.018843986	0.013998641	54976420
0.048519943	0.032989796	0.2859581	0.19320314	0.43719828	0.0021307117	54977832
0.0845427	0.079725735	0.55358154	0.092736065	0.1833523	0.0060616024	54978134
0.021395003	0.82326573	0.0041908217	0.0017464248	0.006811971	0.14259003	54978094
0.017626356	0.83398575	0.00026445938	0.00032200283	0.020186296	0.12761515	54978042
0.009844569	0.09704489	0.85033107	0.0058351504	0.008446113	0.028498158	54978002
0.012491215	0.004394617	0.011685409	0.9381926	0.03181201	0.0014241321	54978138
0.43653208	0.06784894	0.0074444856	0.031208118	0.028078321	0.42888805	54978369
0.12789513	0.36237243	0.035133716	0.021231616	0.05321029	0.40015686	54978295
0.03801718	0.88881224	0.0006222417	0.0003940698	0.004400095	0.06775422	54977873
0.079101555	0.022678584	0.005632025	0.004951538	0.098993085	0.78864324	54978409
0.06658429	0.64514077	0.008579776	0.038537573	0.079854675	0.16130288	54978252
0.019211369	0.00716283	0.01125327	0.9160552	0.04483977	0.0014776149	54977829
0.18805054	0.23957255	0.014194738	0.0180531	0.5302917	0.00983736	54978411
0.05793409	0.7580689	0.00040765258	0.0019637744	0.027437259	0.15418828	54978487
0.1925894	0.33138198	0.023194488	0.024978492	0.4088651	0.018990569	54978388
0.5663238	0.37947357	0.0007067361	0.00023676982	0.007319086	0.04594011	54978376
0.090805516	0.21959655	0.06014564	0.066514105	0.5569211	0.0060170284	54978387
0.016791621	0.09912062	0.7961061	0.044392094	0.04336251	0.00022712324	54978415
0.60485893	0.35464147	0.00083862094	0.0014293448	0.027678082	0.010553595	54978378
0.015865114	0.23539749	0.0014663114	0.01680555	0.03675707	0.6937085	54978498
0.23311837	0.13679773	0.009331209	0.5106595	0.103842	0.0062512495	54979448
0.594631	0.307554	7.9879865e-05	0.0014160611	0.093053825	0.003265174	54979422
0.63817114	0.2994827	4.4952012e-05	0.00075795996	0.059188105	0.0023551297	54979434
0.029266648	0.0012413965	0.045646086	0.7071211	0.18966533	0.02705943	54979463
0.08316951	0.036350083	0.68104726	0.11152643	0.085543886	0.0023628233	54982965
0.023430364	0.017749125	0.006921512	0.8773551	0.07195522	0.0025886705	54996997
0.011097441	0.9825781	0.0015015088	0.00046039175	0.0025741947	0.0017883889	54996994
0.010352657	0.96471715	0.0012098238	0.0006052613	0.005255014	0.017860072	54997000
0.0057205474	0.98933965	0.00029114878	0.00014848319	0.001040036	0.0034600587	54997023
0.101729095	0.03199406	0.7524092	0.06619676	0.04107664	0.006594192	54982945
0.14549358	0.09052496	0.43567127	0.13670544	0.17020601	0.02139879	54998351
0.05995153	0.045476075	0.65047765	0.13563421	0.10260691	0.005853548	54998350
0.011626593	0.003933779	0.012358916	0.9333067	0.03726909	0.0015049911	54998289
0.062337443	0.063526094	0.687049	0.061869208	0.12394965	0.0012686567	54982819
0.29593557	0.2224413	0.11316832	0.0535259	0.31284702	0.0020818869	54982843
0.4722977	0.2731964	0.07348116	0.04381388	0.13439216	0.0028186345	54982797
0.014396111	0.94055146	0.00012042966	0.00018998137	0.0027826438	0.041959472	54998255
0.51375777	0.40955496	0.0005370138	0.0033673812	0.072341226	0.00044165546	54979436
0.020988807	0.88214827	0.0007322062	0.0005385744	0.012586794	0.08300537	54998320
0.015049985	0.8797209	7.5592616e-05	8.8878274e-05	0.002827134	0.102237366	54998277
0.00090064376	0.0006346654	0.9458522	0.04768012	0.004778006	0.00015434495	54999223
0.0011237069	0.018440641	0.9716823	0.0023753196	0.0050300765	0.0013480318	54999299
0.00069388887	0.0036107425	0.98134524	0.0063882507	0.006233094	0.0017287462	54999222
0.011042964	0.15387717	0.41114056	0.3990471	0.021400955	0.003491252	54999345
0.00385453	0.0025140338	0.010897847	0.9633041	0.01884294	0.00058660406	54999224
0.014127069	0.094394244	0.002300079	0.8562857	0.03234249	0.00055038	54999328
0.01720474	0.5585172	0.04711642	0.059538133	0.028801085	0.28882238	54999344
0.02717533	0.27612928	0.0004629981	0.49637857	0.19941	0.00044378053	54999225
0.021057153	0.48319444	0.026689455	0.10720111	0.043764252	0.31809354	54999343
0.16000089	0.17422378	0.15348913	0.12451735	0.37806982	0.009699044	54998352
0.0030286286	0.026507387	0.950058	0.0055985674	0.008350151	0.006457323	54999431
0.00049634196	0.004225252	0.98670757	0.005636397	0.0017991519	0.0011353302	54999349
0.066002816	0.06481454	0.0022219936	0.8172353	0.04550645	0.0042188955	54999347
0.005236511	0.05705373	0.045397665	0.87977105	0.011594685	0.0009462868	54999382
0.0066017075	0.10155523	0.030812263	0.7922208	0.067363486	0.0014464982	54999348
0.01068671	0.008609218	0.021040019	0.92636096	0.029059242	0.004243791	54999380
0.038011104	0.27644005	0.001544155	0.0009467936	0.0070125437	0.6760453	55000118
0.025811858	0.9589944	0.00028132004	0.0013865714	0.0052414774	0.008284388	54999603
0.010278165	0.9884632	3.4481065e-05	0.00039694068	0.0005344172	0.00029269577	54999581
0.02187722	0.97544247	7.176263e-05	0.0009121865	0.0009749313	0.0007214586	54999569
0.037180573	0.43091348	0.006874462	0.0034422744	0.008139231	0.51344997	54999822
0.051685326	0.5026495	0.00027349708	0.0006220988	0.003203868	0.44156575	55000100
0.21094246	0.18348928	0.017985132	0.0071873493	0.027116599	0.55327916	55000388
0.23437437	0.0955518	0.020672372	0.009309845	0.1045633	0.53552824	55000366
0.10819727	0.034373265	0.0008679355	0.0035012714	0.15367934	0.699381	55000350
0.074621044	0.13692723	0.22213997	0.048087157	0.45611906	0.0621055	55000351
0.010937181	0.0047122217	0.011797077	0.9456798	0.025807073	0.001066653	54998353
0.008957544	0.0040909536	0.0037427808	0.90438366	0.07769831	0.0011267227	54997031
0.06826557	0.11986925	0.01204334	0.018031463	0.7745325	0.0072579635	55000361
0.5541493	0.16574755	0.0016035734	0.0044152373	0.038367946	0.23571634	55000393
0.050916307	0.31671345	0.019394668	0.026555624	0.5829464	0.0034734805	55000343
0.53448236	0.4464864	0.0005950541	0.0009674076	0.011684426	0.0057843532	55000369
0.11428787	0.0524528	0.6613481	0.12019718	0.043783095	0.007931025	55001167
0.5986206	0.36668542	0.0036231005	0.002212519	0.024047345	0.00481101	55000376
0.0009749063	0.0151383225	0.97711	0.0037749093	0.0004917561	0.0025100939	55001122
0.00058180286	0.020317737	0.95648634	0.012067677	0.010082787	0.00046360516	55001150
0.00089004484	0.00993732	0.9809575	0.0034024934	0.00069176103	0.0041207965	55001090
0.0058795656	0.9927689	0.0005522622	5.928511e-05	9.654987e-05	0.0006434813	55000932
0.008388513	0.9493319	0.02823743	0.0003168489	0.00087358564	0.012851774	55000922
0.20079474	0.019254291	0.0047767465	0.52387655	0.23503597	0.016261682	55002674
0.05625513	0.06432556	0.7227936	0.024575576	0.051677972	0.08037208	55002740
0.0949308	0.007932366	0.014312193	0.61648506	0.25382134	0.012518246	55002670
0.007230589	0.98798496	0.003283021	0.0005735136	0.0002443174	0.00068362296	55001170
0.0074094324	0.00290053	0.054646056	0.9036705	0.02758615	0.003787271	55002675
0.14173833	0.59597737	0.15882358	0.055754766	0.044662338	0.0030436148	55003680
0.707635	0.27410853	0.00045135416	0.0011535012	0.014377978	0.0022735817	55003702
0.5543969	0.4360834	0.00014470509	0.00030924194	0.0074737347	0.0015919361	55003647
0.040761754	0.047698967	0.8334742	0.051164545	0.025640441	0.0012600835	55005025
0.0010173349	0.013615529	0.9802886	0.003460385	0.0010974172	0.0005206594	55004967
0.0034497539	0.10410934	0.861055	0.024054209	0.0057388004	0.0015929146	55005081
0.0037348382	0.12808533	0.6620478	0.14875768	0.048961416	0.008412961	55005014
0.005454068	0.979684	0.0041371766	0.00016011465	0.0005681453	0.009996497	55005058
0.005642034	0.9934475	0.00011270876	0.00019975465	0.00013816664	0.00045983263	55005044
0.0031905	0.030704824	0.94599396	0.010649422	0.0056589944	0.0038023067	55005469
0.02655381	0.9593309	0.0011240926	0.0019420206	0.0020080707	0.009041116	55005467
0.00507058	0.98982286	0.0010451109	0.000106010535	0.00021893805	0.0037366298	55004998
0.027800513	0.95277894	0.0004912708	0.00053938973	0.0019236909	0.016466139	55005437
0.012089515	0.009387046	0.030056998	0.8679852	0.07973984	0.0007414326	55005472
0.029984184	0.95466775	0.0018091969	0.001958635	0.0018250602	0.009755275	55005466
0.0020880802	0.003989272	0.93850726	0.036559694	0.018536884	0.00031876468	55007670
0.00047002718	0.005757249	0.98163295	0.004284042	0.0015712178	0.0062844693	55007739
0.00068184803	0.004715797	0.9917931	0.00045325584	0.0009092984	0.0014466447	55007734
0.014434132	0.4495417	0.3271131	0.16650042	0.03745007	0.0049605593	55007673
0.008272295	0.122277886	0.3848373	0.44303373	0.037365057	0.0042136954	55007738
0.011118701	0.3162758	0.11040579	0.52987146	0.030761084	0.0015671412	55007757
0.0056167585	0.0076693837	0.8615153	0.10056887	0.020842697	0.0037869797	55007671
0.010021076	0.030232036	0.93279845	0.010544568	0.015652137	0.0007517441	55007919
0.09616114	0.09312919	0.6317505	0.022203393	0.1444996	0.012256219	55007977
0.008784017	0.0030090304	0.01115543	0.946028	0.029891709	0.0011319087	55008009
0.011440979	0.007361268	0.010142218	0.89374524	0.07591265	0.0013975888	55007961
0.022870498	0.90722775	0.00018452632	9.2345515e-05	0.0056716846	0.063953154	55007996
0.011875933	0.12442293	0.845225	0.004973785	0.011404472	0.0020979224	55007955
0.28776172	0.4909766	0.00015808007	0.0012218867	0.05046406	0.16941762	55007983
0.07790838	0.058395777	0.5164836	0.2440892	0.08793557	0.0151874935	55008060
0.032471023	0.027506022	0.34187508	0.5196285	0.07472535	0.0037940228	55008070
0.015350568	0.1261582	0.0028938686	0.8084253	0.04570263	0.0014694757	55008061
0.0057292073	0.019271292	0.92004895	0.038712498	0.014358735	0.0018792825	55008059
0.032351576	0.8914145	0.001744347	0.016710978	0.043885957	0.013892625	55008069
0.011347548	0.0058190324	0.09954347	0.83961654	0.042339914	0.0013334636	55008071
0.019156072	0.9246582	0.00042004188	0.0013651239	0.00844786	0.045952678	55008067
0.057899177	0.08452059	0.6100789	0.10872737	0.13475269	0.004021257	55008531
0.10729168	0.0793289	0.48294267	0.12823877	0.19920321	0.002994741	55008506
0.10189436	0.16740716	0.4864642	0.072275974	0.1630903	0.008868026	55008525
0.01571034	0.0060119308	0.009858545	0.8405748	0.12363836	0.0042060036	55008541
0.019080924	0.089420974	0.7037088	0.1584338	0.025007026	0.0043484713	55010615
0.018909704	0.9723036	0.00016498951	0.0006869871	0.003131311	0.0048033423	55010586
0.006944731	0.0023958227	0.00657193	0.9303657	0.050153743	0.003568077	55008551
0.01051674	0.9872509	7.7496705e-05	0.0002434036	0.0011470374	0.0007643962	55010568
0.070819974	0.85151136	0.0009736149	0.0024641987	0.024622174	0.049608737	55009816
0.024665652	0.9102875	0.00023772151	0.0017255293	0.011862619	0.051220987	55010096
0.057965476	0.058546826	0.7667795	0.024850074	0.08877268	0.0030854873	55008004
0.054282516	0.3914108	0.13186936	0.36204347	0.05198568	0.008408191	55010671
0.13996185	0.511639	0.0013292824	0.32413694	0.021887098	0.0010458683	55010674
0.028120533	0.027726997	0.025069473	0.8690715	0.048719324	0.0012921696	55010635
0.01761548	0.6107839	0.0028408451	0.009745222	0.018782506	0.340232	55010438
0.10544198	0.79209274	0.0006460462	0.001055318	0.04282825	0.05793579	55008524
0.0466992	0.13248795	0.24649537	0.50625247	0.051164854	0.016900204	55010662
0.016001856	0.006735449	0.6874067	0.22857083	0.056505155	0.0047799945	55010666
0.019967524	0.021540968	0.7990114	0.124086976	0.032096438	0.0032967047	55010669
0.034571234	0.9562119	7.6894765e-05	0.0004756936	0.0035785283	0.0050857263	55010571
0.101300776	0.77038115	0.00083209807	0.0013251266	0.05465486	0.071506016	55008489
0.091498405	0.8004113	0.00014812368	0.00029387034	0.038174525	0.06947382	55008534
0.02949548	0.081639946	0.50828904	0.35198486	0.016294263	0.012296437	55010661
0.006036756	0.0137449335	0.94918	0.008060173	0.021666879	0.0013112475	55011964
0.0026136646	0.0031961657	0.9586747	0.011713564	0.023395438	0.00040650892	55011965
0.0137688145	0.006451529	0.062723316	0.8725265	0.04379561	0.000734202	55011966
0.00650859	0.004373771	0.054131206	0.8817324	0.05239676	0.0008573001	55011948
0.021349449	0.2502984	0.06318199	0.5650274	0.09852679	0.0016158985	55011887
0.006449958	0.038868334	0.93873286	0.011469228	0.002892859	0.0015867985	55012330
0.16454872	0.06345202	0.2560992	0.46535364	0.04654999	0.0039964276	55012234
0.0416504	0.086449824	0.61334884	0.23767073	0.01904666	0.0018335512	55012332
0.008938409	0.057621095	0.9107032	0.0145641435	0.0071434686	0.0010297209	55012180
0.0007769747	0.00069917896	0.021883521	0.9690596	0.007447524	0.00013324988	55012333
0.024748506	0.84975773	0.10203663	0.009782041	0.00834893	0.005326149	55012271
0.051915232	0.9322573	0.0005029057	0.0010169579	0.002035438	0.012272219	55012199
0.002678285	0.012972806	0.96962905	0.0029706303	0.008187013	0.0035621263	55014505
0.0032719858	0.0054940814	0.90604985	0.03289847	0.051625237	0.0006603264	55014533
0.0053374222	0.0024701077	0.06005449	0.9128029	0.01712382	0.0022112783	55014587
0.0049045836	0.09701779	0.5916131	0.28923365	0.014990504	0.0022402974	55014570
0.0029605525	0.053457893	0.18091819	0.74265844	0.019291423	0.0007134536	55014536
0.0048329937	0.0048859175	0.2072242	0.7517086	0.027084552	0.0042637517	55014534
0.023079647	0.2609478	0.00216895	0.6640697	0.049405865	0.00032801757	55014508
0.001800083	0.01801554	0.071320415	0.89988273	0.00872981	0.0002513105	55014554
0.002615837	0.03475179	0.9566392	0.0015264447	0.00035986304	0.0041070087	55015796
0.0002051754	0.0034207348	0.9939857	0.00021106626	8.247568e-05	0.0020948576	55015797
0.022708464	0.9720857	0.00014123706	0.0017801205	0.0013467484	0.0019376095	55015852
0.004012399	0.9917562	0.00035865782	0.00049132324	0.00031748967	0.003063975	55015819
0.0055550225	0.029862981	0.95218444	0.0070637157	0.0024778384	0.0028560301	55017654
0.0056617847	0.98748	0.000220101	0.00034024435	0.0005089254	0.005788968	55015811
0.0059656594	0.04501315	0.9327578	0.009365701	0.0023292273	0.0045683803	55017634
0.011321701	0.06976751	0.8904227	0.008888437	0.0063222544	0.013277498	55017633
0.04955452	0.045723394	0.011441024	0.7884236	0.0972231	0.0076343277	55017677
0.01643894	0.12002449	0.8098297	0.016566291	0.0070730112	0.030067567	55017593
0.10011657	0.051831726	0.0073134718	0.6073794	0.22424717	0.009111698	55017366
0.03560522	0.7610771	0.0007699694	0.0021158971	0.06946621	0.1309656	55017515
0.10880132	0.77285904	0.023046192	0.009001277	0.00720346	0.07908862	55017382
0.15005295	0.13513148	0.45072398	0.15005067	0.10509888	0.008942021	55018492
0.0134085715	0.19925751	0.75768554	0.0049697766	0.0035239512	0.021154601	55018490
0.082528286	0.036080148	0.27531976	0.48999113	0.108993046	0.00708763	55018493
0.02058812	0.008854468	0.0046582143	0.8947359	0.06535507	0.0058081653	55018494
0.02727528	0.9270385	0.0003017938	0.0008275315	0.019938014	0.02461885	55018152
0.012326835	0.96837986	0.00038470383	0.00020948844	0.004532394	0.014166711	55018153
0.06402609	0.10021609	0.6267551	0.18762976	0.012009375	0.0093635665	55019656
0.0046197036	0.057098437	0.92528766	0.007930051	0.0016463799	0.0034177774	55019551
0.023755325	0.9384045	0.0010547892	0.0005169086	0.0026541385	0.033614308	55019546
0.018765679	0.17436683	0.7747099	0.021804139	0.002086593	0.008266815	55019552
0.048649147	0.34525535	0.0014214604	0.53179735	0.072509564	0.00036712462	55011967
0.0040777843	0.012218819	0.9382129	0.010407248	0.033863597	0.0012196879	55011976
0.017126625	0.96718574	0.0012433943	0.0007065134	0.00085996574	0.012877724	55019626
0.003005621	0.0032067676	0.97393733	0.008013888	0.011039049	0.00079736026	55011888
0.004338429	0.0018204661	0.0062051783	0.9748208	0.012113493	0.00070157915	55019657
0.013656055	0.004015068	0.0035099823	0.8766546	0.10202471	0.00013955268	55019559
0.008757255	0.2597099	0.375658	0.2825622	0.03256919	0.040743455	55011846
0.008827945	0.980513	0.00016479297	0.00022983861	0.0017391513	0.008525354	55019500
0.014849523	0.9705539	0.0004710261	0.00012368761	0.0023796267	0.011622224	55018145
0.122790575	0.034642734	0.6030537	0.12353972	0.09240441	0.02356884	55020297
0.03566852	0.06407151	0.24620739	0.53101987	0.11985168	0.0031810927	55020307
0.12749247	0.068469174	0.47264054	0.08982011	0.225741	0.015836753	55020295
0.02714295	0.008381146	0.021205582	0.9052773	0.02829519	0.009697889	55018213
0.032557752	0.8992043	0.011005908	0.044187803	0.0069012996	0.0061428742	55020294
0.012164152	0.003278011	0.0009912135	0.9479226	0.035311714	0.00033221827	55020308
0.019310668	0.004210987	0.000599658	0.91516095	0.05871736	0.0020003798	55020317
0.030270863	0.9476612	0.00046812455	0.004475073	0.012868467	0.0042562154	55020256
0.02454609	0.97064126	0.00019497216	0.0012208803	0.001989486	0.001407357	55020298
0.019228483	0.03215402	0.7477578	0.10237977	0.089492284	0.0089875925	55020320
0.007132015	0.006773056	0.88330144	0.034543954	0.06736945	0.00088001083	55020399
0.006475386	0.28697082	0.37531996	0.0074268007	0.015409234	0.30839783	55020398
0.008472646	0.1934178	0.24471997	0.53258497	0.019951064	0.0008535917	55020342
0.014749127	0.09190247	0.001023276	0.84347206	0.048548598	0.0003044553	55020370
0.002219884	0.0025254814	0.8206811	0.16785496	0.0063144835	0.0004041861	55020369
0.016378837	0.2750458	0.3477913	0.26968583	0.089650795	0.001447399	55020380
0.007396423	0.12524998	0.0009106969	0.81541413	0.050359268	0.0006695351	55020382
0.013305828	0.17950507	0.3613529	0.37272537	0.059551775	0.013558976	55020383
0.024276994	0.9527257	0.0026542437	0.016496684	0.0037860505	6.0298786e-05	55021041
0.010121987	0.9721	0.0014167223	0.0130875865	0.003068089	0.00020556524	55020985
0.013707464	0.9675904	0.0011939403	0.016181465	0.0011877395	0.00013903486	55021036
0.001739916	0.018778356	0.9502723	0.022057882	0.00631629	0.0008352142	55021224
0.0013508819	0.012400249	0.9800868	0.0018773426	0.0032804664	0.0010042503	55021273
0.03950592	0.34758762	0.0019388368	0.56369025	0.046087306	0.0011901117	55021226
0.0053144507	0.0030043973	0.009221512	0.9659132	0.01586269	0.0006838035	55021275
0.020897668	0.42897415	0.0724926	0.44451758	0.0295115	0.0036064894	55021190
0.0046539363	0.08786511	0.16852307	0.6946703	0.04412038	0.00016722284	55021227
0.0007096605	0.0012177648	0.9897314	0.0021801994	0.0060172332	0.00014367857	55021258
0.007884858	0.0023304129	0.17571549	0.75869536	0.051125098	0.0042487537	55021225
0.0023879951	0.039354585	0.94785684	0.0005198864	0.0026513028	0.0072294436	55021542
0.005982214	0.43269747	0.49927673	0.0023025556	0.009684825	0.050056186	55021342
0.11072854	0.0456031	0.011684021	0.7359532	0.088054806	0.007976371	55021552
0.03847761	0.025858821	0.0018346541	0.8549687	0.07815728	0.0007028828	55021309
0.0074571655	0.98690736	0.00011220814	0.000111198045	0.0028950511	0.002517078	55021446
0.0063498598	0.98790085	0.0009480334	0.00024158868	0.0017604763	0.0027991456	55021462
0.039141268	0.034911573	0.14550151	0.36001536	0.4184711	0.0019591416	55021653
0.044056114	0.24789968	0.59915364	0.025482113	0.06776437	0.015644075	55021562
0.53399175	0.3057655	0.016509661	0.043855797	0.04589425	0.053983074	55021559
0.014064146	0.009057714	0.0028740135	0.9411735	0.032493144	0.00033750004	55021557
0.17435706	0.1591523	0.28356057	0.18435915	0.18485068	0.013720198	55021652
0.04962238	0.91678536	0.0005204265	0.00079898525	0.0039003002	0.028372461	55021572
0.027148139	0.73986167	0.21304968	0.009747183	0.0014393311	0.00875395	55021608
0.005960636	0.090956174	0.8685181	0.025730347	0.0070268423	0.0018079154	55022490
0.0010089737	0.011981705	0.9723413	0.011026384	0.002824495	0.00081717904	55022383
0.00073100027	0.011031751	0.9836961	0.0032937657	0.00036099512	0.0008864357	55022347
0.0053504915	0.9936603	0.00012477871	0.00012612969	0.00010755756	0.0006308181	55022464
0.0065335296	0.99051195	0.0012676773	0.00030036096	0.00029358562	0.0010929647	55022479
0.005160451	0.99251115	0.00053683814	0.00012187854	0.00016844067	0.0015011809	55022402
0.014707682	0.20207863	0.74908525	0.022531884	0.009913012	0.0016835309	55022590
0.015677866	0.03701176	0.9300005	0.008292676	0.006572458	0.0024447315	55022556
0.013315087	0.9752559	0.0005755301	0.0012600839	0.0031432158	0.006450051	55022542
0.0150063755	0.97936624	0.00033509097	0.0016471687	0.002280425	0.0013645171	55022608
0.014715226	0.9698042	0.0007120852	0.00261286	0.002347403	0.009808084	55022569
0.0056803953	0.17091772	0.80563873	0.011210806	0.0041548354	0.0023975084	55023221
0.05452847	0.35254696	0.47950998	0.012698863	0.008287789	0.092427924	55023131
0.019045645	0.16593991	0.79203564	0.005390752	0.013746771	0.0038412898	55023257
0.019574834	0.9501216	0.0003990262	0.00032808352	0.0012261532	0.028350271	55023162
0.025666391	0.011584515	0.009371338	0.8481501	0.10356189	0.0016658196	55023124
0.002533804	0.0028819356	0.009777973	0.97797924	0.0063711978	0.00045592317	55023271
0.015231609	0.9478967	0.00044881512	0.00038687847	0.001098976	0.03493693	55023179
0.026179012	0.8827749	0.0004862249	0.00021892937	0.0016796602	0.088661335	55023164
0.044761892	0.017769326	0.497584	0.38111815	0.053708836	0.0050578476	55023274
0.014439864	0.015177188	0.014897437	0.90541005	0.048098877	0.001976561	55023442
0.005601708	0.16991061	0.76738137	0.017181536	0.0062089753	0.033715803	55023334
0.0011334853	0.016248174	0.9736293	0.0046596667	0.0005253911	0.0038038995	55023372
0.010324947	0.017858053	0.019229222	0.89279586	0.057705354	0.0020865628	55023272
0.3566243	0.07398174	0.0077317143	0.0040320936	0.15159035	0.4060398	55023522
0.0051206453	0.9422073	0.0009749966	0.0015013507	0.0036185673	0.046577185	55023297
0.5591468	0.13000819	0.00082141417	0.0011029327	0.18635073	0.1225699	55023521
0.63172257	0.28108278	0.0002808562	0.00047842186	0.06571879	0.020716604	55023523
0.0040546395	0.0026393654	0.017698253	0.9501068	0.025303364	0.00019755824	55012235
0.42335874	0.09040602	0.0098116975	0.3459343	0.12814458	0.0023447233	55025945
0.06445041	0.0026926422	0.17720306	0.6642837	0.057415955	0.033954237	55026070
0.552392	0.3819286	0.00024178484	0.0026147976	0.056705743	0.006117099	55026027
0.674278	0.123526186	0.003048048	0.015493885	0.18169801	0.0019558393	55026032
0.6391804	0.32451823	0.001608697	0.0072569884	0.02491942	0.0025161793	55025989
0.06553972	0.0043603084	0.092315525	0.5812961	0.23099661	0.025491748	55027440
0.55255574	0.053527016	0.0011693393	0.25371537	0.13780485	0.0012277428	55027303
0.39350083	0.20078477	0.00012973935	0.0025712939	0.15817416	0.24483918	55027307
0.77323824	0.053388048	0.00016054124	0.033328492	0.13261716	0.007267483	55027299
0.76365703	0.13415329	0.00017516862	0.00184325	0.09518827	0.004982987	55027327
0.6662702	0.25466162	0.0006571067	0.0038655568	0.07322597	0.0013196042	55028152
0.04068713	0.0044460837	0.07219876	0.6872472	0.17256437	0.022856433	55028184
0.5934866	0.114240274	0.014982891	0.21506964	0.060209926	0.002010695	55028060
0.60444224	0.20418777	0.0013340343	0.006925636	0.12616648	0.05694388	55028116
0.613801	0.28528503	0.00015353037	0.0014927415	0.09485178	0.004415939	55028117
0.08643583	0.0068125087	0.15090369	0.29259107	0.3960539	0.067203015	55028694
0.10521883	0.010929259	0.0010611315	0.79855686	0.08342646	0.0008075111	55028662
0.57527286	0.37895498	0.0015541115	0.0027202251	0.040061347	0.001436455	55028622
0.08193223	0.06287692	0.00057040976	0.002458146	0.22674656	0.6254157	55028619
0.052532848	0.0018902745	0.073635764	0.7628268	0.0860909	0.023023339	55028940
0.07598793	0.013869583	0.0035285584	0.82545686	0.08044928	0.00070784567	55028873
0.6849549	0.2028623	0.025300937	0.015089823	0.069294	0.0024981608	55028821
0.052532848	0.0018902745	0.073635764	0.7628268	0.0860909	0.023023339	55028938
0.5770411	0.13519122	0.1276639	0.0120732365	0.14719747	0.0008330644	55028819
0.66469896	0.3015767	0.0002860352	0.00047320515	0.027033094	0.0059319753	55028650
0.21563424	0.04841147	0.0025770874	0.5440383	0.18632387	0.003015013	55029020
0.13553458	0.0043275417	0.12809831	0.58022845	0.10870422	0.043106887	55029056
0.689742	0.25760263	0.00053835247	0.0030605274	0.0486961	0.00036032658	55028990
0.89110637	0.08529518	0.000421141	0.0026508106	0.019449467	0.0010770923	55029031
0.24461591	0.11156734	0.4551038	0.035930794	0.1507765	0.002005628	55028973
0.520783	0.40851864	0.00025592995	0.000499331	0.029745216	0.04019794	55029906
0.7817413	0.14805381	7.823856e-05	0.0013565479	0.06817672	0.0005933037	55030068
0.7809152	0.17579836	0.0003578239	0.0019547583	0.035852585	0.005121254	55029967
0.39633802	0.29321784	0.06114143	0.20791307	0.036360983	0.0050286828	55029976
0.047269724	0.002088952	0.08595926	0.6490133	0.1935803	0.022088546	55030717
0.23569949	0.023770299	0.17818429	0.065457	0.49542907	0.0014599324	55030673
0.07233422	0.027904354	0.004004812	0.0040044985	0.13573588	0.75601625	55030661
0.40517172	0.51505244	0.0027094726	0.0015532419	0.021260902	0.054252278	55029719
0.68711865	0.26737946	0.0028659129	0.003711357	0.038335767	0.00058884936	55029723
0.6439368	0.31130496	0.010097916	0.0058362493	0.027038995	0.0017850588	55029743
0.074443325	0.0015074422	0.047234118	0.67993814	0.18661654	0.010260475	55029831
0.5530828	0.42130768	0.002320577	0.0036913068	0.017827207	0.0017704497	55030585
0.31752312	0.024510218	0.00025603359	0.5985451	0.05866209	0.00050339923	55030928
0.6319025	0.34760654	0.00013937544	0.0016188608	0.018021582	0.0007111615	55030985
0.6283905	0.13163692	0.074639544	0.022400085	0.13603643	0.0068965247	55031026
0.06815171	0.41059294	0.0070123523	0.0029086506	0.030408954	0.48092532	55032500
0.28771815	0.04496014	0.00794998	0.0008185035	0.041924886	0.61662835	55032448
0.034590755	0.00095954107	0.06049806	0.7970363	0.096132085	0.010783293	55031752
0.034590755	0.00095954107	0.06049806	0.7970363	0.096132085	0.010783293	55031749
0.59270257	0.34734032	2.955298e-05	0.00034291556	0.05304241	0.0065422435	55031027
0.58701	0.4010757	2.2871656e-05	0.00013651619	0.009731552	0.0020233097	55031689
0.72506213	0.23794183	0.00016424955	0.00064087793	0.034097623	0.0020933768	55031662
0.58128774	0.38927978	0.004384941	0.002185914	0.013767814	0.0090938965	55032444
0.15977359	0.012071154	0.000104432154	0.0053455597	0.8204686	0.0022366429	55034693
0.600221	0.023382057	0.0015966931	0.068479136	0.2997305	0.0065906104	55034739
0.6666734	0.046838634	0.0015604242	0.0617908	0.17163473	0.051502056	55034735
0.5516239	0.010707692	0.00019206872	0.00861946	0.41142663	0.017430263	55036249
0.52173746	0.008191418	0.00074278587	0.020786032	0.44427836	0.0042639333	55036248
0.5564423	0.03978343	0.0012901649	0.034235917	0.36651137	0.001736769	55034712
0.6420931	0.013683857	0.00019612534	0.020276383	0.31376255	0.009988036	55036254
0.36168554	0.009117859	0.00012666416	0.0064832508	0.6195342	0.0030524929	55036267
0.006369228	0.9905551	0.00031739866	7.427551e-05	0.0014002416	0.0012837972	55021464
0.02021205	0.0018924942	0.005998055	0.76102084	0.18455528	0.026321292	55036812
0.17581564	0.00828853	0.0094414195	0.10989762	0.6924526	0.0041041444	55036863
0.0033967951	0.00054879923	0.00313824	0.4161829	0.5748831	0.0018500774	55036875
0.047391966	0.008670548	0.005955368	0.07117199	0.034691423	0.83211863	55036814
0.22856687	0.015518199	0.004650529	0.2698395	0.45460632	0.026818564	55036851
0.017204946	0.006926057	0.00022032067	0.41769966	0.55383414	0.004114933	55037022
0.13774957	0.014022491	7.586608e-05	0.009186707	0.82957244	0.009392965	55037080
0.94918895	0.017084097	0.0007613549	0.0021959175	0.02740925	0.003360377	55037067
